country,year,GDP,GDP Growth,Government Spending,Population,Poverty,Urban Population
Albania,2010-01-01,12086545641.299,2.97315442681247,11.6894266755022,2913021.0,1.1,1511321.0
Albania,2011-01-01,12973755874.5365,2.46351683915714,11.8730326134018,2905195.0,1.1,1548229.0
Albania,2012-01-01,12246499747.9714,0.984129880204108,11.7429129944326,2860708.0,1.8,1540885.0
Albania,2013-01-01,12796985886.1478,1.7072283175406,11.7676839794264,2816902.0,1.1,1529521.0
Albania,2014-01-01,13296322588.1684,2.24022695382642,12.2746384670784,2773767.0,3.7,1518154.0
Albania,2015-01-01,11470171826.9575,2.2277040745779,11.6995817212428,2731293.0,1.1,1506525.0
Albania,2016-01-01,11988668784.6628,3.90893551362245,12.1050326390236,2689469.0,1.1,1494642.0
Albania,2017-01-01,13258268435.6048,3.28317593330073,11.851016747215,2648285.0,1.4,1482517.0
Albania,2018-01-01,15379508329.7568,3.67141928098908,11.8666140811981,2607733.0,1.0,1470162.0
Albania,2019-01-01,15585111614.0376,2.06257790176122,12.6759912713341,2567801.0,0.3,1457584.0
Albania,2020-01-01,15241458744.5927,-3.31375636888916,13.6673304618118,2528480.0,0.3,1444795.0
Albania,2021-01-01,18031989573.0294,8.96957619074095,12.9573410290912,2489762.0,1.1,1431805.0
Albania,2022-01-01,19017247013.8821,4.8268006234359,12.1443449725759,2451636.0,1.1,1418623.0
Albania,2023-01-01,23491242727.4082,4.01541716935742,12.1218077852414,2414095.0,1.1,1405259.0
Albania,2024-01-01,27046429296.6673,4.04592845095348,12.4199102780456,2377128.0,1.1,1391722.0
Austria,2010-01-01,389827789217.634,1.80898243043663,20.6211987878032,8363404.0,0.5,5612241.0
Austria,2011-01-01,428954737064.057,2.92746800169145,20.0232182516466,8391643.0,0.5,5634856.0
Austria,2012-01-01,406750487603.59,0.628246239479637,19.9901506497011,8429991.0,0.7,5665678.0
Austria,2013-01-01,426580502769.417,-0.250726423318454,20.0845066022548,8479823.0,0.3,5706762.0
Austria,2014-01-01,438556021078.034,0.755798850316665,19.9847608163281,8546356.0,0.2,5761563.0
Austria,2015-01-01,379546097300.633,1.30352331826198,19.8879548545364,8642699.0,0.7,5838802.0
Austria,2016-01-01,393687359770.273,2.11721964494312,19.7584191442748,8736668.0,0.7,5916629.0
Austria,2017-01-01,414926138132.691,2.27224992038207,19.598940636538,8797566.0,0.3,5973998.0
Austria,2018-01-01,452582294972.775,2.48422114080024,19.4423168006638,8840521.0,0.6,6020808.0
Austria,2019-01-01,442983642371.842,1.75497619649288,19.5313211345866,8879920.0,0.6,6066549.0
Austria,2020-01-01,434397601557.696,-6.31825509209936,21.1529340170726,8916864.0,0.7,6111709.0
Austria,2021-01-01,480466363176.806,4.92309171717903,21.7317961073693,8955797.0,0.5,6159224.0
Austria,2022-01-01,473221298968.216,5.33096379400371,20.4896150467344,9041851.0,0.6,6238704.0
Austria,2023-01-01,516670509628.876,-0.786244288594673,20.2679436557872,9131761.0,0.5,6321602.0
Austria,2024-01-01,534790720466.822,-0.659089573171372,19.2557040077919,9177982.0,0.55,6375560.0
Belarus,2010-01-01,57231904542.8755,7.75001707500896,16.0213954939935,9483836.0,0.2,7070213.0
Belarus,2011-01-01,61762382327.9319,5.54997471638077,13.4483555468763,9461643.0,0.1,7101886.0
Belarus,2012-01-01,65685890438.8922,1.70785253368828,13.5666972902762,9446836.0,0.1,7135016.0
Belarus,2013-01-01,75527558966.4473,0.998719299661161,13.4298113058447,9443211.0,0.0,7172091.0
Belarus,2014-01-01,78813069120.9984,1.65112470228097,13.7542695534472,9448515.0,0.0,7213046.0
Belarus,2015-01-01,56454769844.7632,-3.82957056812593,14.9217643769907,9461076.0,0.0,7249681.0
Belarus,2016-01-01,47723545321.259,-2.5264464460425,15.6531401067942,9469379.0,0.0,7276827.0
Belarus,2017-01-01,54725405751.1559,2.53218349471909,15.652843263526,9458989.0,0.0,7285391.0
Belarus,2018-01-01,60031026576.26,3.14919758275296,15.7394924938501,9438785.0,0.0,7287995.0
Belarus,2019-01-01,64410170653.4569,1.44645548204305,16.8429795126774,9419758.0,0.0,7296081.0
Belarus,2020-01-01,61371673344.7424,-0.672742918585868,16.9649774780792,9379952.0,0.0,7296574.0
Belarus,2021-01-01,69673747131.87,2.43886210234947,16.8160720040254,9302585.0,0.0,7268211.0
Belarus,2022-01-01,73775179924.603,-4.65839591328999,17.2288777285138,9228071.0,0.0,7241570.0
Belarus,2023-01-01,72478760370.4258,4.12654007153881,17.8518963705848,9178298.0,0.0,7233843.0
Belarus,2024-01-01,75961865471.9129,4.00984852465452,19.0029231086173,9132629.0,0.0,7228942.0
Belgium,2010-01-01,481556503720.001,2.71031150254662,23.7260022508386,10895586.0,0.1,9258190.0
Belgium,2011-01-01,527196649048.639,1.93115502411325,23.8730556199494,11038264.0,0.2,9408460.0
Belgium,2012-01-01,498414364944.961,0.215803612089744,24.1930798182891,11106932.0,0.2,9495487.0
Belgium,2013-01-01,524097026598.55,0.305494549070232,24.205791803329,11159407.0,0.1,9568248.0
Belgium,2014-01-01,537987419164.351,1.76554038149924,24.1169029008666,11209057.0,0.1,9638089.0
Belgium,2015-01-01,461044767544.531,1.47416433731927,23.681203644432,11274196.0,0.1,9720757.0
Belgium,2016-01-01,474271566739.729,1.19350273007754,23.3498908084191,11331422.0,0.1,9796103.0
Belgium,2017-01-01,500908767351.53,1.47446761556785,23.1178023270709,11375158.0,0.2,9859210.0
Belgium,2018-01-01,542638913427.921,1.87796847383565,23.1696191313969,11427054.0,0.1,9928778.0
Belgium,2019-01-01,536726344405.489,2.4428900448156,23.0038112825895,11488980.0,0.1,10006461.0
Belgium,2020-01-01,529694473501.791,-4.7929839083518,24.3008045914304,11538604.0,0.1,10072797.0
Belgium,2021-01-01,598522422241.851,6.25445686466593,23.8396339313803,11586195.0,0.0,10129875.0
Belgium,2022-01-01,591085783326.267,3.9562379757933,23.5865586358746,11680210.0,0.0,10218922.0
Belgium,2023-01-01,651330595110.011,1.71412195515242,23.5329643613137,11779946.0,0.1,10313519.0
Belgium,2024-01-01,671370081636.406,1.07045413019414,19.2557040077919,11858610.0,0.1,10389643.0
Bosnia and Herzegovina,2010-01-01,17176315803.7298,0.865667236280544,23.1270966380596,3811472.0,0.2,1743337.0
Bosnia and Herzegovina,2011-01-01,18644233537.1093,0.959511709726897,23.0899893417252,3741798.0,0.2,1723206.0
Bosnia and Herzegovina,2012-01-01,17226735995.6905,-0.821837252962993,23.3654292280655,3670113.0,0.2,1701669.0
Bosnia and Herzegovina,2013-01-01,18179109209.3892,2.34985873172397,22.8257766277783,3610859.0,0.2,1686106.0
Bosnia and Herzegovina,2014-01-01,18558734107.1478,1.15384793371298,22.8610434691357,3564829.0,0.2,1680132.0
Bosnia and Herzegovina,2015-01-01,16404348361.0926,4.28413016137854,21.9698064883276,3518541.0,0.2,1673811.0
Bosnia and Herzegovina,2016-01-01,17116926553.8513,3.24225822231566,20.9094484105117,3473003.0,0.2,1667906.0
Bosnia and Herzegovina,2017-01-01,18326373135.6099,3.24409895306594,20.1653338742345,3428682.0,0.2,1662631.0
Bosnia and Herzegovina,2018-01-01,20484058033.1144,3.82900399349064,19.6573521170013,3387000.0,0.2,1658679.0
Bosnia and Herzegovina,2019-01-01,20482608984.3316,2.88585242083978,19.3589709289337,3345533.0,0.2,1654869.0
Bosnia and Herzegovina,2020-01-01,20226038369.9191,-3.01509335460439,20.7503447462277,3299349.0,0.2,1648721.0
Bosnia and Herzegovina,2021-01-01,23672712121.2671,7.39164256472846,19.4015209289746,3244907.0,0.2,1638352.0
Bosnia and Herzegovina,2022-01-01,24534663636.1778,4.22681333390325,18.661917599169,3204802.0,0.2,1635139.0
Bosnia and Herzegovina,2023-01-01,27592361498.4057,1.99439414850893,19.1261848173666,3185073.0,0.2,1642406.0
Bosnia and Herzegovina,2024-01-01,29613572022.8993,2.9715174617652,19.6610426437211,3164253.0,0.2,1649286.0
Bulgaria,2010-01-01,50689051382.4361,1.55535979911015,16.5024385412597,7395599.0,2.7,5288958.0
Bulgaria,2011-01-01,57681293006.9721,2.09017507758604,15.849987567536,7348328.0,3.4,5335633.0
Bulgaria,2012-01-01,54297052002.2338,0.748815411928831,15.790962526113,7305888.0,3.0,5316384.0
Bulgaria,2013-01-01,55819262374.9039,-0.542751388861134,17.0826070059115,7160005.0,3.3,5224175.0
Bulgaria,2014-01-01,57080897012.1077,0.949449090947894,16.833076863621,7073572.0,2.7,5169684.0
Bulgaria,2015-01-01,50765918159.1476,3.39755336780412,16.089141458635,6984225.0,4.6,5105682.0
Bulgaria,2016-01-01,53929397039.2106,3.02662841229517,15.5888636114576,6894139.0,3.1,5044786.0
Bulgaria,2017-01-01,59167647387.606,2.74592676054861,15.5845769435159,6803468.0,2.0,4993096.0
Bulgaria,2018-01-01,66097226262.2191,2.33015213407045,16.4797908950834,6710798.0,1.5,4939162.0
Bulgaria,2019-01-01,68507731353.9114,3.79331765354152,16.8038914263273,6616726.0,1.6,4877601.0
Bulgaria,2020-01-01,70486877546.4901,-3.13323303076419,19.3251141847366,6550696.0,0.7,4803232.0
Bulgaria,2021-01-01,84374613233.36,7.82817232822165,18.8942579133309,6507301.0,1.2,4772895.0
Bulgaria,2022-01-01,90506153293.6733,4.0838640915123,18.2797383544062,6465097.0,1.1,4750548.0
Bulgaria,2023-01-01,102199231384.542,1.68151074972904,18.4564371446211,6446596.0,1.0,4753221.0
Bulgaria,2024-01-01,113343355779.985,3.38709063847314,19.7573342571871,6441421.0,2.35,4763427.0
Croatia,2010-01-01,58975205417.3439,-1.33604672354973,22.2933555431377,4295427.0,1.4,2374619.0
Croatia,2011-01-01,62889007657.3899,-0.110906722446629,22.7567325896497,4280622.0,1.0,2366216.0
Croatia,2012-01-01,57548115904.416,-2.23743360119771,22.7097789792741,4260368.0,1.1,2356166.0
Croatia,2013-01-01,59846265181.8502,-0.13364573653061,22.5750195433825,4233922.0,1.2,2344151.0
Croatia,2014-01-01,59606934500.9957,-0.557692913614588,23.0870594382284,4201598.0,1.2,2330172.0
Croatia,2015-01-01,50998893384.8289,2.31998692708386,22.4560874135699,4151725.0,0.7,2307581.0
Croatia,2016-01-01,52650714171.8617,3.46646114288178,21.9611727546405,4106867.0,0.9,2288734.0
Croatia,2017-01-01,56182782585.9052,3.28396321643012,21.7966877128331,4041407.0,0.6,2259186.0
Croatia,2018-01-01,61667925219.0755,2.91107593407843,21.6739078048576,3988775.0,0.5,2237430.0
Croatia,2019-01-01,61466721186.3116,3.10152683894853,21.6961954688798,3949390.0,0.4,2223635.0
Croatia,2020-01-01,57959843541.3699,-8.31086401501189,24.8876066017549,3914206.0,0.4,2212641.0
Croatia,2021-01-01,69002365163.3368,12.6322190351024,23.0732257039235,3878981.0,0.3,2202034.0
Croatia,2022-01-01,71196498671.1145,7.29445343642668,21.1186699180416,3855641.0,0.4,2197629.0
Croatia,2023-01-01,85624153964.0987,3.76164540703459,20.9014881150441,3859686.0,0.3,2209406.0
Croatia,2024-01-01,92983810328.9088,3.82688702890739,23.0399621597901,3866200.0,0.6499999999999999,2223680.0
Czechia,2010-01-01,211168667286.27,2.71466509907701,20.3296245529329,10474410.0,0.0,7682934.0
Czechia,2011-01-01,231429378717.312,1.77238085338473,19.6370766392657,10496088.0,0.1,7692356.0
Czechia,2012-01-01,210363223087.728,-0.770668190622743,19.3133426541368,10510785.0,0.1,7696514.0
Czechia,2013-01-01,213024360541.119,-0.0418124160447491,19.5991807169614,10514272.0,0.0,7692475.0
Czechia,2014-01-01,210911285077.683,2.24521219862635,19.1899663567148,10525347.0,0.0,7693986.0
Czechia,2015-01-01,189107698561.919,4.95875848915604,18.807763768664,10546059.0,0.0,7702530.0
Czechia,2016-01-01,198160659303.939,2.58087013921376,18.7814653223292,10566332.0,0.0,7710736.0
Czechia,2017-01-01,221563575696.217,5.17356529967881,18.5098151426127,10594438.0,0.0,7724636.0
Czechia,2018-01-01,251992360762.236,2.83030588267866,19.1749183174686,10629928.0,0.0,7743889.0
Czechia,2019-01-01,256794209028.77,3.56577658128261,19.2646329881001,10671870.0,0.0,7767803.0
Czechia,2020-01-01,251109660602.536,-5.30487955463876,21.3198902324822,10697858.0,0.0,7780070.0
Czechia,2021-01-01,290972714482.313,4.02901832055149,20.7709874590881,10505772.0,0.1,7635706.0
Czechia,2022-01-01,301831228325.556,2.8471706583814,19.4414735473211,10672118.0,0.0,7758284.0
Czechia,2023-01-01,345059295659.911,0.0475803308973752,19.5529041451606,10864042.0,0.0,7901987.0
Czechia,2024-01-01,347034062928.479,1.23308611983484,19.2557040077919,10905028.0,0.0,7938293.0
Denmark,2010-01-01,322345594075.47,1.58289703108802,27.3361076692926,5547683.0,0.1,4819008.0
Denmark,2011-01-01,344315595263.175,1.3108037609606,26.5405591973408,5570572.0,0.0,4855130.0
Denmark,2012-01-01,326792574244.963,-0.0054323016167074,26.5003228378334,5591572.0,0.0,4877731.0
Denmark,2013-01-01,344631016965.12,1.39267343161971,25.9285043343491,5614932.0,0.3,4915517.0
Denmark,2014-01-01,352832602064.452,1.27799983192831,25.7974203785069,5643475.0,0.2,4948334.0
Denmark,2015-01-01,301758922337.637,2.10441456445301,25.5463558237146,5683483.0,0.2,4985859.0
Denmark,2016-01-01,312181849372.233,3.07304549209093,24.9429154800128,5728010.0,0.3,5023465.0
Denmark,2017-01-01,331610593961.988,3.05647723922718,24.4496622577768,5764980.0,0.1,5074116.0
Denmark,2018-01-01,355293374912.393,1.8600074900921,24.3811073900807,5793636.0,0.2,5104540.0
Denmark,2019-01-01,345401473012.615,1.71140093932736,24.2047767614883,5814422.0,0.3,5128881.0
Denmark,2020-01-01,355631021931.621,-1.78010601831291,24.6799875258246,5831404.0,0.2,5145599.0
Denmark,2021-01-01,406110162088.054,6.50025445756295,23.9787227305152,5856733.0,0.2,5169249.0
Denmark,2022-01-01,400114306337.077,0.443832614908331,21.7803158451184,5903037.0,0.2,5217578.0
Denmark,2023-01-01,404651706117.557,0.604587766175584,22.617097497429,5946952.0,0.4,5266183.0
Denmark,2024-01-01,424524722037.047,3.47783593140312,19.2557040077919,5976992.0,0.2,5301356.0
Estonia,2010-01-01,19524355419.038,2.4497502063999,19.5616522470917,1331475.0,1.0,902804.0
Estonia,2011-01-01,23303915794.7569,7.60697458913162,18.2949896179378,1327439.0,1.2,901033.0
Estonia,2012-01-01,23237406116.3988,3.67201872506541,18.0242576821827,1322696.0,1.0,898943.0
Estonia,2013-01-01,25451032780.7573,1.75649379621869,18.3991728743446,1317997.0,1.1,897455.0
Estonia,2014-01-01,27055689003.0038,3.32278988182702,18.4390132763221,1314545.0,1.0,897398.0
Estonia,2015-01-01,23311847750.9394,1.83815262882932,19.2232645126562,1315407.0,0.7,900786.0
Estonia,2016-01-01,24561027787.7896,3.09301920751959,19.3323940974428,1315790.0,0.6,904264.0
Estonia,2017-01-01,27469461919.1189,5.63467248963991,18.8749816531166,1317384.0,0.5,908905.0
Estonia,2018-01-01,31222632740.7247,3.69969756161726,18.7628505913655,1321977.0,0.4,915870.0
Estonia,2019-01-01,31873748770.0313,3.72664943466884,19.0819330513563,1326898.0,0.7,923239.0
Estonia,2020-01-01,31820771493.8974,-2.88380751483778,20.5086892203171,1329522.0,0.4,929091.0
Estonia,2021-01-01,37201101170.5847,8.25488044580031,19.8175308273567,1330932.0,0.3,934018.0
Estonia,2022-01-01,38226641740.29,-1.22616966587796,19.3667065306624,1348840.0,0.5,950787.0
Estonia,2023-01-01,41470344395.1086,-2.74421914571231,20.5544434569907,1370286.0,0.3,968477.0
Estonia,2024-01-01,43130419829.35,-0.0900428648493801,19.2557040077919,1372341.0,0.6499999999999999,970219.0
France,2010-01-01,2646230027988.34,2.00032476039051,23.9798091765185,65026211.0,0.1,50132793.0
France,2011-01-01,2870408553990.28,2.43757653729007,23.7010905265759,65340830.0,0.0,50389719.0
France,2012-01-01,2683007095787.23,0.183835264973013,23.9564328020669,65657659.0,0.1,50666011.0
France,2013-01-01,2816077607875.26,0.781756446231,24.0757206386355,65997932.0,0.1,50979490.0
France,2014-01-01,2861236112552.42,0.997832947295251,24.081442589149,66312067.0,0.0,51293995.0
France,2015-01-01,2442483452642.5,1.06675474783462,23.7757617692292,66548272.0,0.1,51748663.0
France,2016-01-01,2470407619777.13,0.860031075424033,23.7569423186251,66724104.0,0.1,52445087.0
France,2017-01-01,2588868323334.71,2.08361485997399,23.7013842025535,66918020.0,0.0,52628868.0
France,2018-01-01,2781576320884.39,1.64590872395887,23.3500758354509,67158348.0,0.0,52834442.0
France,2019-01-01,2722793515171.76,2.02744646419237,23.0348422675243,67382061.0,0.1,53022323.0
France,2020-01-01,2647926055110.05,-7.44064589948231,24.8398357365701,67601110.0,0.1,53210127.0
France,2021-01-01,2966433692008.09,6.88233783360239,24.3515984176563,67842811.0,0.1,53417028.0
France,2022-01-01,2794788137066.94,2.71676264185913,23.8742904476312,68184457.0,0.1,53701527.0
France,2023-01-01,3056250648138.29,1.43921494437743,23.0901262196221,68372286.0,0.1,53863982.0
France,2024-01-01,3160442622465.08,1.19046798275883,19.2557040077919,68551653.0,0.1,54018685.0
Germany,2010-01-01,3467093769666.67,4.13463778522758,19.1827581196516,81776930.0,0.0,65671538.0
Germany,2011-01-01,3823575803793.78,3.75796884489337,18.6995569567259,80274983.0,0.0,64493384.0
Germany,2012-01-01,3596483233406.25,0.463512036709204,18.9052184847532,80425823.0,0.0,64657092.0
Germany,2013-01-01,3807023797050.99,0.396995583779145,19.2533699868829,80645605.0,0.0,64898125.0
Germany,2014-01-01,3964870735760.77,2.18018602168017,19.2146344242026,80982500.0,0.0,65252249.0
Germany,2015-01-01,3425099578746.09,1.66300602334775,19.3036024917153,81686611.0,0.0,65919002.0
Germany,2016-01-01,3536787895179.0,2.22222216259371,19.5245695901052,82348669.0,0.0,66566371.0
Germany,2017-01-01,3765351626105.89,2.797906720551,19.4478730074915,82657002.0,0.2,66939157.0
Germany,2018-01-01,4055433215301.96,1.13569604599849,19.4857645390401,82905782.0,0.0,67271661.0
Germany,2019-01-01,3959894794039.21,0.977734697038784,19.8895196309028,83092962.0,0.2,67559064.0
Germany,2020-01-01,3941398957073.94,-4.13191443239947,21.7243937497102,83160871.0,0.2,67751166.0
Germany,2021-01-01,4355251953410.78,3.90999994204108,21.6396095960721,83196078.0,0.0,67915111.0
Germany,2022-01-01,4201021706478.62,1.8092581243061,21.3296017686915,83177813.0,0.0,68028459.0
Germany,2023-01-01,4562207532490.28,-0.869647578573321,21.0588698152068,83287273.0,0.0,68215139.0
Germany,2024-01-01,4685592577804.69,-0.495851897260366,19.2557040077919,83516593.0,0.0,68501264.0
Greece,2010-01-01,296417644404.034,-5.6937412158003,22.4102559565882,11121341.0,1.1,8492606.0
Greece,2011-01-01,283228079776.041,-9.87677875300243,22.0783071279586,11104899.0,1.5,8510268.0
Greece,2012-01-01,238841140018.233,-8.33113421099992,22.557839474738,11045011.0,2.1,8490077.0
Greece,2013-01-01,236556279640.705,-2.27211699888024,20.9297924686921,10965211.0,1.5,8453651.0
Greece,2014-01-01,233911581521.062,0.792225060962835,20.7227080595732,10892413.0,2.0,8421257.0
Greece,2015-01-01,194567373678.099,-0.228301892172851,20.7679837462522,10820883.0,2.0,8388288.0
Greece,2016-01-01,193097239005.87,-0.0317947678412054,20.6180603140124,10775971.0,1.4,8374255.0
Greece,2017-01-01,200381103984.298,1.47312472702352,20.4384126534599,10754679.0,1.1,8376769.0
Greece,2018-01-01,213298873494.394,2.06467207892409,19.6597104516787,10732882.0,0.2,8376914.0
Greece,2019-01-01,207305649887.019,2.27718065334808,19.9791204523634,10721582.0,1.0,8383077.0
Greece,2020-01-01,191362985554.861,-9.19623149726978,22.7274940590434,10698599.0,1.1,8377718.0
Greece,2021-01-01,218303801895.326,8.65449786002131,21.4974385558012,10569207.0,0.7,8285042.0
Greece,2022-01-01,217990189600.69,5.52198580589408,20.0673187289139,10436882.0,0.6,8198194.0
Greece,2023-01-01,242946187738.269,2.13591131996631,19.3306773184981,10407351.0,0.6,8198352.0
Greece,2024-01-01,256238371778.118,2.0865743380603,19.2557040077919,10405134.0,1.1,8219721.0
Hungary,2010-01-01,131898737241.166,1.06795068152046,21.4452733386217,10000023.0,0.2,6953071.0
Hungary,2011-01-01,141712804953.868,1.91670916599742,20.6306576272386,9971727.0,0.2,6928156.0
Hungary,2012-01-01,128470269689.958,-1.33948446518181,20.0094207331442,9920362.0,0.5,6902313.0
Hungary,2013-01-01,135646053778.582,2.03216990678146,19.7285704568356,9872734.0,0.5,6903782.0
Hungary,2014-01-01,141128696412.321,4.33435364113967,19.9810520498971,9833038.0,1.0,6913324.0
Hungary,2015-01-01,125244126623.289,3.65981615406955,19.7028762956894,9797755.0,1.0,6905925.0
Hungary,2016-01-01,128983560865.293,2.43864141309342,19.9032674759188,9759755.0,1.6,6878029.0
Hungary,2017-01-01,143335098991.862,4.12418389451805,20.1614178223679,9726756.0,0.9,6852913.0
Hungary,2018-01-01,161184691013.835,5.60613813768876,19.616933321186,9706964.0,0.7,6840612.0
Hungary,2019-01-01,164936682033.992,5.07718495088933,19.9741487864456,9694824.0,0.7,6830636.0
Hungary,2020-01-01,158468487754.196,-4.33872540024058,21.1998844610097,9670419.0,0.7,6797505.0
Hungary,2021-01-01,183282685440.486,7.22291580811137,20.7647214478007,9630932.0,0.7,6761485.0
Hungary,2022-01-01,177002580544.155,4.15238057779229,20.637770274229,9605074.0,0.7,6738776.0
Hungary,2023-01-01,213240316634.648,-0.817107370513455,19.9521193750233,9592186.0,0.7,6742568.0
Hungary,2024-01-01,222722738925.641,0.560117843140432,19.2557040077919,9562065.0,0.7,6740474.0
Iceland,2010-01-01,13922711576.5124,-2.22181847599202,24.5152044598019,318041.0,0.1,297237.0
Iceland,2011-01-01,15394005872.149,1.37999669140882,24.5970301031889,319014.0,0.2,297994.0
Iceland,2012-01-01,14943757823.3226,1.16931174886884,24.4376809555254,320716.0,0.0,299917.0
Iceland,2013-01-01,16244319958.6808,3.59695700972851,24.1713375804808,323764.0,0.1,303097.0
Iceland,2014-01-01,18052183514.8695,1.91381609098249,23.8773222507324,327386.0,0.0,306498.0
Iceland,2015-01-01,17700486957.1907,3.76859023848581,23.1847803925667,330815.0,0.0,310066.0
Iceland,2016-01-01,21083713310.457,6.21808764217616,22.6926621696994,335439.0,0.0,314582.0
Iceland,2017-01-01,25060086487.8901,3.48506703916689,23.3637717606539,343400.0,0.0,322013.0
Iceland,2018-01-01,26677652544.3499,4.66077032612084,23.769940970751,352721.0,0.3,331038.0
Iceland,2019-01-01,24985687022.0452,1.13821230465001,24.2878846398556,360563.0,0.1,338847.0
Iceland,2020-01-01,22034665040.7901,-6.64587816297836,27.5550125083192,366463.0,0.05,344976.0
Iceland,2021-01-01,26234872402.457,5.1805719742238,26.9118122871775,372520.0,0.05,350954.0
Iceland,2022-01-01,29166102877.2755,8.82069395623492,25.2082830039574,382003.0,0.05,359765.0
Iceland,2023-01-01,31677891896.7861,5.18615760140189,25.1365329197638,385663.0,0.05,363109.0
Iceland,2024-01-01,33255181468.9382,-0.970676468918384,19.2557040077919,386506.0,0.05,364019.0
Ireland,2010-01-01,221732824603.484,1.68297175486512,18.6807522831162,4560155.0,0.7,2822329.0
Ireland,2011-01-01,240975871046.644,1.60886648916944,18.9394324176037,4580084.0,0.7,2843649.0
Ireland,2012-01-01,226921827888.137,-0.40502941658977,18.0944284777264,4599533.0,0.5,2863344.0
Ireland,2013-01-01,242924245718.756,2.1929375750029,16.843884115121,4623816.0,0.7,2885479.0
Ireland,2014-01-01,266490442124.309,9.38579335130922,15.9876242099312,4657740.0,0.4,2912736.0
Ireland,2015-01-01,302101388556.271,24.6239856364006,12.1147192419549,4701957.0,0.4,2945269.0
Ireland,2016-01-01,305431252708.748,1.22271661130947,12.5364480955914,4762722.0,0.3,2987319.0
Ireland,2017-01-01,348355212568.515,10.1088576065965,11.9291911581432,4827445.0,0.3,3036633.0
Ireland,2018-01-01,395780319816.603,7.68865937437435,11.7440209496828,4898022.0,0.1,3089890.0
Ireland,2019-01-01,407211793800.713,4.97288003766816,11.8119798486019,4976456.0,0.1,3148788.0
Ireland,2020-01-01,436009027818.948,7.15369505735335,12.6225400090635,5039747.0,0.2,3198795.0
Ireland,2021-01-01,530394123829.763,16.2581881158197,11.7054714853037,5110585.0,0.1,3254289.0
Ireland,2022-01-01,548341794599.09,7.51113888415304,11.0654566411677,5212836.0,0.2,3330586.0
Ireland,2023-01-01,567372737459.116,-2.53637409313261,11.8263997853123,5311538.0,0.1,3405504.0
Ireland,2024-01-01,609157459747.205,2.59946721553708,19.2557040077919,5395790.0,0.3,3472031.0
Italy,2010-01-01,2144936254535.0,1.52910573247101,20.4683139046718,59819407.0,1.4,40806631.0
Italy,2011-01-01,2306974020278.21,0.695463154440176,19.7131321083587,60026841.0,1.3,41059264.0
Italy,2012-01-01,2097929495121.68,-3.12523877282996,19.7044703023489,60191247.0,1.4,41388031.0
Italy,2013-01-01,2153225581941.46,-1.81802510749792,19.7032469855095,60311613.0,1.6,41800410.0
Italy,2014-01-01,2173255507985.84,-0.0013876173045446,19.437905453041,60320707.0,1.4,41971609.0
Italy,2015-01-01,1845428048839.1,0.885667635240807,19.0193134916677,60229605.0,2.1,41925828.0
Italy,2016-01-01,1887111188176.93,1.23622108511661,18.9253442826016,60115223.0,1.8,41838346.0
Italy,2017-01-01,1970720904584.71,1.60369995294101,18.7448158290116,60002252.0,1.5,41712413.0
Italy,2018-01-01,2099435266458.67,0.826646712344115,18.8133907214108,60148658.0,1.7,41791290.0
Italy,2019-01-01,2019606796583.53,0.429162533780342,18.5421071991348,59729081.0,1.0,41514698.0
Italy,2020-01-01,1907481094079.23,-8.86822122185345,20.5680570300128,59438851.0,0.9,41321146.0
Italy,2021-01-01,2179207773596.09,8.93106210800055,19.1946040488087,59133173.0,0.9,41086468.0
Italy,2022-01-01,2104067630319.46,4.82117669913565,18.7892572071706,59013667.0,0.7,41005043.0
Italy,2023-01-01,2316727999333.18,0.975694840127005,17.6651591380703,58984216.0,0.9,41016535.0
Italy,2024-01-01,2380825077243.59,0.692676948440536,19.2557040077919,58952704.0,1.4,41033884.0
Latvia,2010-01-01,23468324572.3343,-3.66125859554762,18.7899697736523,2097555.0,2.6,1422710.0
Latvia,2011-01-01,26575547900.8247,3.03634482668815,19.2557040077919,2059709.0,1.7,1397032.0
Latvia,2012-01-01,27116149948.6683,7.30524057200897,17.988056098072,2034319.0,1.4,1379943.0
Latvia,2013-01-01,29152128167.8438,2.09609028156248,18.2811109375838,2012647.0,1.5,1365527.0
Latvia,2014-01-01,30277203767.4058,2.0949597710559,18.4883353835292,1993782.0,1.1,1353152.0
Latvia,2015-01-01,26344565876.8902,3.78336712084972,18.7095636533339,1977527.0,1.0,1342672.0
Latvia,2016-01-01,27117105059.5075,2.55168601974034,18.476344400199,1959537.0,1.0,1331127.0
Latvia,2017-01-01,29391059767.4259,3.39894872623931,18.6703159549355,1942248.0,1.0,1320159.0
Latvia,2018-01-01,33247935477.3576,4.30971286294503,18.5352676047473,1927174.0,0.6,1310787.0
Latvia,2019-01-01,33099503950.847,0.675372771884227,19.8089011462475,1913822.0,0.3,1302668.0
Latvia,2020-01-01,33379927434.6149,-3.46922750780554,20.8896933172828,1900449.0,0.5,1294607.0
Latvia,2021-01-01,38183326784.9335,6.94254173062592,21.7309999551168,1884490.0,0.5,1284862.0
Latvia,2022-01-01,38003198508.9107,1.90853419029801,20.493101172277,1879383.0,0.4,1282811.0
Latvia,2023-01-01,42779550936.838,-0.941606068823631,20.112103306672,1883710.0,0.4,1287678.0
Latvia,2024-01-01,43684254432.3609,-0.0461080109713521,19.2557040077919,1866124.0,1.0,1277995.0
Lithuania,2010-01-01,36638128534.0643,0.427199566550769,20.1107100441688,3097282.0,2.0,2068095.0
Lithuania,2011-01-01,43186501862.7907,6.32363664821298,18.4673993995514,3028115.0,0.9,2021322.0
Lithuania,2012-01-01,42709372066.8627,4.38290584355157,17.5438790188972,2989139.0,1.1,1998349.0
Lithuania,2013-01-01,46303660422.0434,4.04691318575325,16.7355436181775,2961250.0,1.2,1984310.0
Lithuania,2014-01-01,48306546656.9281,3.7725437958099,16.691874395721,2937253.0,1.7,1972409.0
Lithuania,2015-01-01,41540954817.2039,2.83280643343234,17.1689914887841,2911109.0,1.0,1957088.0
Lithuania,2016-01-01,42970749245.0336,2.67192215053329,17.0291846390389,2877325.0,1.5,1933258.0
Lithuania,2017-01-01,47756764508.446,4.61224310312809,16.2993641257124,2842639.0,1.2,1907448.0
Lithuania,2018-01-01,54261795148.5372,4.91836780106811,16.2178168712684,2819200.0,1.0,1892993.0
Lithuania,2019-01-01,55122066225.796,4.67735183530451,16.7959480603607,2811089.0,0.6,1890337.0
Lithuania,2020-01-01,57412038533.2718,0.0428158336981426,18.3605454231444,2810369.0,0.5,1894904.0
Lithuania,2021-01-01,67037321008.9679,6.38001606179873,17.497494956833,2808380.0,0.3,1915068.0
Lithuania,2022-01-01,71033884499.7824,2.53752574011534,16.744046116116,2831639.0,0.8,1933631.0
Lithuania,2023-01-01,79789877416.1681,0.342262716277261,17.2754834531022,2871585.0,1.1,1969202.0
Lithuania,2024-01-01,84869215513.3648,2.77263124530285,19.2557040077919,2888278.0,1.05,1987961.0
Luxembourg,2010-01-01,56213985987.4168,3.76041454320028,15.7858005082929,506953.0,0.0,448592.0
Luxembourg,2011-01-01,61696281326.2453,1.04429855323325,16.0447899088036,518347.0,0.1,461102.0
Luxembourg,2012-01-01,59776383527.3602,1.64990212764553,16.3040906079705,530946.0,0.0,474881.0
Luxembourg,2013-01-01,65203276466.9763,3.17178989968683,16.3503422960569,543360.0,0.1,488705.0
Luxembourg,2014-01-01,68804811897.6445,2.62308679154881,16.0514535620466,556319.0,0.2,503234.0
Luxembourg,2015-01-01,60071584216.1375,2.26978423302835,15.9681641919044,569604.0,0.3,518279.0
Luxembourg,2016-01-01,62216885435.9488,4.97819011520116,15.6742178009036,582014.0,0.1,532751.0
Luxembourg,2017-01-01,65712180342.9836,1.31718713754285,16.2193608860725,596336.0,0.3,549204.0
Luxembourg,2018-01-01,71085623495.1145,1.61129561338169,16.7835114977709,607950.0,0.3,563393.0
Luxembourg,2019-01-01,69872035113.6469,2.74931929072659,17.2435453447671,620001.0,0.1,578207.0
Luxembourg,2020-01-01,73670782100.3909,-0.510051634039826,18.4796236594474,630419.0,0.0,591712.0
Luxembourg,2021-01-01,86386759695.1653,6.9297342584233,17.3096066828169,640064.0,0.1,605412.0
Luxembourg,2022-01-01,80801680397.0139,-1.0974168968152,17.8221100296952,653103.0,0.1,618884.0
Luxembourg,2023-01-01,88788881539.3937,0.0994399943552651,18.3408704839661,666430.0,0.1,631786.0
Luxembourg,2024-01-01,93279851863.4062,0.35861253942069,19.2557040077919,677012.0,0.1,642104.0
Moldova,2010-01-01,6974982369.60155,7.10000010705836,18.2136557075206,2862354.0,0.8,1124347.0
Moldova,2011-01-01,8414352020.49442,5.81816614684824,16.5595893281307,2860699.0,0.5,1125597.0
Moldova,2012-01-01,8709138634.82921,-0.589733954762579,16.690137947323,2860324.0,0.5,1125864.0
Moldova,2013-01-01,9496717875.51932,9.0438656074181,15.3061340306286,2859558.0,0.1,1127454.0
Moldova,2014-01-01,9402090137.7423,4.99962585407656,13.9079312251112,2857815.0,0.0,1132548.0
Moldova,2015-01-01,7797667196.73087,-0.338235622387202,13.6994347068011,2835978.0,0.1,1125753.0
Moldova,2016-01-01,7980917075.7748,4.64601436259409,14.376992859583,2803186.0,0.2,1113911.0
Moldova,2017-01-01,9514404016.20949,4.17561205106279,14.7555707903283,2755189.0,0.1,1101350.0
Moldova,2018-01-01,11252353420.8798,4.07559546585034,14.2811623246706,2707203.0,0.0,1091702.0
Moldova,2019-01-01,11736797054.6965,3.5523140853476,15.2110207292095,2664224.0,0.0,1086265.0
Moldova,2020-01-01,11530746234.4492,-8.27597831976949,17.1942044345322,2635130.0,0.0,1089280.0
Moldova,2021-01-01,13691869264.0794,13.9299997889786,16.7622739221644,2595809.0,0.2,1085348.0
Moldova,2022-01-01,14525337523.7271,-4.6000000255323,17.5088164034295,2528654.0,0.0,1072273.0
Moldova,2023-01-01,16711906746.2133,1.2000000493378,17.9303159195662,2457783.0,0.1,1056876.0
Moldova,2024-01-01,18200340853.6517,0.103059364371205,17.8779215401385,2402306.0,0.1,1045399.0
Montenegro,2010-01-01,4136936189.28052,2.77559782547836,22.4999248524657,619428.0,0.0,398335.0
Montenegro,2011-01-01,4507126949.08507,3.40978812497193,21.6122499218727,620345.0,0.4,399633.0
Montenegro,2012-01-01,4071829462.26447,-2.48732882965353,21.5021483251167,621418.0,5.6,400966.0
Montenegro,2013-01-01,4422097762.7848,3.38612548540247,20.0214987017646,622587.0,5.2,402349.0
Montenegro,2014-01-01,4579636601.80039,2.37030892464516,20.1741420269378,623744.0,3.9,403707.0
Montenegro,2015-01-01,4010885990.83986,2.52306333975571,20.4583214557252,624651.0,3.6,404887.0
Montenegro,2016-01-01,4357469330.46719,3.4393056210999,20.4974138662231,625353.0,3.3,405918.0
Montenegro,2017-01-01,4803962015.62122,3.21668504736274,19.3687025220012,625982.0,4.6,406884.0
Montenegro,2018-01-01,5433467174.79183,4.73292113433965,19.4477083495575,626438.0,3.9,407720.0
Montenegro,2019-01-01,5483476883.4658,4.39391565821528,18.7637676616963,626753.0,2.5,408447.0
Montenegro,2020-01-01,4723571497.76347,-14.9926187023533,23.6719174909554,626590.0,2.2,408844.0
Montenegro,2021-01-01,5823715809.63286,13.0462607426359,20.0437704035034,625053.0,2.5,408326.0
Montenegro,2022-01-01,6251215144.13471,7.73954689516201,18.0647571264996,623591.0,3.45,407837.0
Montenegro,2023-01-01,7644389159.84471,6.47836283518564,17.8621887929582,623529.0,3.45,408244.0
Montenegro,2024-01-01,8270016670.86774,3.16409886329913,17.6388543416761,623525.0,3.45,408672.0
Netherlands,2010-01-01,852464982433.335,1.31932032302214,26.0868212907179,16615394.0,0.0,14513593.0
Netherlands,2011-01-01,913140741332.687,1.77334516269423,25.5644324121626,16693074.0,0.1,14690893.0
Netherlands,2012-01-01,845689017065.625,-0.977876877747732,25.8184044531411,16754962.0,0.1,14833879.0
Netherlands,2013-01-01,883951539006.669,-0.0302325600539604,25.591112540135,16804432.0,0.1,14985352.0
Netherlands,2014-01-01,901556501756.467,1.61261001294011,25.4138134792751,16865008.0,0.1,15150929.0
Netherlands,2015-01-01,775743675302.734,2.12060523860846,24.6510530267816,16939923.0,0.1,15293155.0
Netherlands,2016-01-01,797163949289.885,2.42428572955482,24.2777102787517,17030314.0,0.1,15426114.0
Netherlands,2017-01-01,848233537845.884,2.78154619309936,23.9046907483542,17131296.0,0.2,15610374.0
Netherlands,2018-01-01,929733599796.862,2.2587403735731,23.9575090216481,17231624.0,0.1,15957560.0
Netherlands,2019-01-01,928903005576.469,2.30009157916757,24.1193009603901,17344874.0,0.1,16285068.0
Netherlands,2020-01-01,932560861701.17,-3.86795333823223,25.419278032195,17441500.0,0.0,16439177.0
Netherlands,2021-01-01,1054472123449.6,6.2768306708326,25.1515899276541,17533044.0,0.1,16591428.0
Netherlands,2022-01-01,1046540797548.64,5.00723455159611,24.1995532390171,17700982.0,0.1,16813387.0
Netherlands,2023-01-01,1135475867551.0,-0.598096167209832,24.9106541742808,17877117.0,0.1,17040856.0
Netherlands,2024-01-01,1214927698572.66,1.08100584845663,19.2557040077919,17993485.0,0.1,17208906.0
North Macedonia,2010-01-01,9407170321.37752,3.35875085773812,18.2905857817131,1946298.0,12.8,1131202.0
North Macedonia,2011-01-01,10494626767.6445,2.33988604520331,18.1203224569461,1937398.0,10.9,1128359.0
North Macedonia,2012-01-01,9745261300.57788,-0.456183223607937,18.6480481162538,1929821.0,9.1,1126869.0
North Macedonia,2013-01-01,10817702346.0674,2.92525766450484,17.504796858282,1922716.0,7.4,1126302.0
North Macedonia,2014-01-01,11362265252.778,3.62912351276373,17.1123379786252,1917557.0,6.4,1127588.0
North Macedonia,2015-01-01,10064519962.5655,3.85586514041738,16.9763522579676,1912430.0,7.0,1129673.0
North Macedonia,2016-01-01,10672467073.2873,2.84820519363306,15.4300221084575,1906313.0,5.7,1132013.0
North Macedonia,2017-01-01,11307067069.6658,1.08177273813243,14.920741749797,1898657.0,5.6,1134329.0
North Macedonia,2018-01-01,12683068114.2388,2.88059670964267,14.2837255892918,1889051.0,4.3,1136416.0
North Macedonia,2019-01-01,12606338448.547,3.91041953840173,13.9974562678743,1876262.0,3.9,1137553.0
North Macedonia,2020-01-01,12361036913.8409,-4.68845000956652,16.7387341620846,1856124.0,6.7,1135193.0
North Macedonia,2021-01-01,14000283827.0154,4.51067949038222,15.8306657801479,1837114.0,6.7,1133209.0
North Macedonia,2022-01-01,13932436550.0883,2.75888415332967,15.0221055675641,1831712.0,6.7,1134802.0
North Macedonia,2023-01-01,15855131188.9092,2.554965253403,14.934347481884,1827816.0,6.7,1137849.0
North Macedonia,2024-01-01,16951682245.4202,2.99373536567732,15.5473568922795,1824359.0,6.7,1141402.0
Norway,2010-01-01,431052143940.438,0.787051861494078,21.2265832895452,4889252.0,0.2,3874488.0
Norway,2011-01-01,501360549669.404,1.10565603382983,20.790418547942,4953088.0,0.1,3928374.0
Norway,2012-01-01,512777309840.997,2.71795924894734,20.6096915874254,5018573.0,0.1,3989293.0
Norway,2013-01-01,526014468085.106,1.01619084044641,20.9790524328269,5079623.0,0.2,4062296.0
Norway,2014-01-01,501736471832.848,2.04813200438943,21.7227596135843,5137232.0,0.1,4141211.0
Norway,2015-01-01,388159512245.53,1.85733971623901,23.0978508285298,5188607.0,0.2,4215111.0
Norway,2016-01-01,370956547619.048,1.16472423928819,24.2188229593057,5234519.0,0.3,4275555.0
Norway,2017-01-01,401745275035.261,2.46374626574153,23.8057622649674,5276968.0,0.3,4325529.0
Norway,2018-01-01,439788625883.8,0.828931500516902,23.112939424551,5311916.0,0.3,4368797.0
Norway,2019-01-01,408742840909.091,1.12374694968757,24.1035080681146,5347896.0,0.2,4411671.0
Norway,2020-01-01,367633418886.627,-1.27817177234034,26.1340574738378,5379475.0,0.3,4448987.0
Norway,2021-01-01,503367986030.268,3.90868676830634,22.4493406578412,5408320.0,0.2,4481404.0
Norway,2022-01-01,596297651035.798,3.24622860260932,18.0964798823633,5457127.0,0.3,4527034.0
Norway,2023-01-01,482949731776.587,0.0721204806030329,22.0477897050686,5519601.0,0.2,4585235.0
Norway,2024-01-01,483592648313.301,2.09723059960317,19.2557040077919,5572279.0,0.2,4643345.0
Poland,2010-01-01,478111630683.514,3.16892748258036,19.1492387195228,38042794.0,0.6,23148081.0
Poland,2011-01-01,527848543023.469,5.25546256612796,18.0778612921893,38063255.0,0.6,23117988.0
Poland,2012-01-01,498148649702.66,1.51178167644575,18.0086571547278,38063164.0,0.4,23079281.0
Poland,2013-01-01,518179836405.36,0.684240607051805,18.3308014321931,38040196.0,0.6,23026993.0
Poland,2014-01-01,542134167178.627,3.92050862390032,18.2380268801328,38011735.0,0.6,22972014.0
Poland,2015-01-01,480054118583.367,4.43176700264478,17.9050312672003,37986412.0,0.5,22919591.0
Poland,2016-01-01,473259583969.643,3.03117767594847,17.8215503011855,37970087.0,0.4,22873267.0
Poland,2017-01-01,528356676667.211,5.15245773325907,17.5668407420539,37974826.0,0.4,22840296.0
Poland,2018-01-01,594616687350.017,6.2458584723942,17.4696531502565,37974750.0,0.3,22805102.0
Poland,2019-01-01,602683770144.88,4.58045817256199,17.8183081676231,37965475.0,0.1,22765093.0
Poland,2020-01-01,605914237903.742,-2.03556882399977,18.8371621590167,37515748.0,0.2,22462109.0
Poland,2021-01-01,689170230665.35,6.92718266052501,18.523151073936,36981559.0,0.1,22118541.0
Poland,2022-01-01,695607470875.276,5.25545697386036,18.1191286260219,36821749.0,0.3,22031023.0
Poland,2023-01-01,812451193396.143,0.249610834017872,18.9482308008084,36687353.0,0.2,21970572.0
Poland,2024-01-01,917767106146.761,3.02841630700273,20.813498102606,36559233.0,0.4,21924772.0
Portugal,2010-01-01,238443864993.217,1.73762453640036,20.5645795720703,10573100.0,0.2,6457932.0
Portugal,2011-01-01,245426767676.002,-1.71352745905065,19.6805549082876,10557560.0,0.6,6455005.0
Portugal,2012-01-01,216536676771.973,-4.05090267621935,18.3090369425429,10514844.0,0.9,6428879.0
Portugal,2013-01-01,226677408291.745,-0.984106574148328,18.8278452071391,10457295.0,1.0,6393646.0
Portugal,2014-01-01,230078616299.675,0.741391420706506,18.3843383966832,10401062.0,0.8,6359152.0
Portugal,2015-01-01,199038523119.639,1.58979803702681,17.8825695753332,10358076.0,0.7,6332666.0
Portugal,2016-01-01,206305431241.638,2.00414129666575,17.5981688967244,10325452.0,0.4,6312393.0
Portugal,2017-01-01,220862990767.229,3.31472008175986,17.2232442375481,10300300.0,0.4,6296540.0
Portugal,2018-01-01,242092894542.888,2.94628343449202,16.992571222013,10283822.0,0.4,6285812.0
Portugal,2019-01-01,240115970063.019,2.74568432648596,16.9881438936785,10286263.0,0.2,6286442.0
Portugal,2020-01-01,229618773422.577,-8.20463159324387,18.9224290644649,10297081.0,0.6,6291955.0
Portugal,2021-01-01,256055879091.139,5.55875672070374,18.6558096632307,10361831.0,0.3,6330574.0
Portugal,2022-01-01,256898677175.024,6.98584137580278,17.4472259436645,10434332.0,0.2,6378082.0
Portugal,2023-01-01,292323800948.839,3.09997909018263,16.6915492938731,10578174.0,0.4,6474357.0
Portugal,2024-01-01,313271185085.102,2.13967177177636,19.2557040077919,10694681.0,0.4,6558854.0
Romania,2010-01-01,170064350671.827,-3.90581157302972,15.0223287183306,20246871.0,6.3,10913837.0
Romania,2011-01-01,192623977894.173,4.49558909946313,13.5263054824729,20147528.0,7.1,10871785.0
Romania,2012-01-01,179117323107.087,1.90361696799603,13.7701345444659,20058035.0,8.4,10822575.0
Romania,2013-01-01,189798603751.235,0.278771877470234,14.2828758426557,19983693.0,8.7,10773244.0
Romania,2014-01-01,199722319675.741,4.11600109267832,14.1783362360873,19908979.0,8.9,10716350.0
Romania,2015-01-01,177885131240.315,3.1570360543854,13.9413929099012,19815616.0,7.6,10642409.0
Romania,2016-01-01,185290759248.844,2.85993252302089,15.3089409783507,19702267.0,5.2,10551119.0
Romania,2017-01-01,210147385855.419,8.19547826641261,15.6975535819589,19588715.0,4.9,10453491.0
Romania,2018-01-01,241791427223.903,5.39452228185675,16.7401011406337,19473970.0,3.7,10349358.0
Romania,2019-01-01,250080428511.595,3.96028958497598,17.5583336108956,19371648.0,3.1,10246281.0
Romania,2020-01-01,250625048303.578,-3.59802546034757,18.8744011544391,19265250.0,2.4,10135823.0
Romania,2021-01-01,285071280114.469,5.58735072538869,17.8062190423497,19122059.0,2.0,9987863.0
Romania,2022-01-01,295319437556.988,4.18771305104109,16.656923765154,19048502.0,1.5,9936362.0
Romania,2023-01-01,347757995758.914,2.25773416555121,17.1999939148178,19061062.0,0.7,9943122.0
Romania,2024-01-01,382564217988.866,0.916003764382594,18.5142332808639,19051804.0,5.050000000000001,9938846.0
Russian Federation,2010-01-01,1524916715223.95,4.49999999920672,18.7250554156357,142849468.0,0.2,105236676.0
Russian Federation,2011-01-01,2045922753398.04,4.30002918567749,17.6255115280966,143018195.0,0.1,105623921.0
Russian Federation,2012-01-01,2208293553878.42,4.02408615746921,17.9672380527257,143378447.0,0.1,106060846.0
Russian Federation,2013-01-01,2292470078346.22,1.75542214874298,18.675302148229,143805638.0,0.1,106525889.0
Russian Federation,2014-01-01,2059241589895.01,0.736267221765672,18.0273313931418,144237223.0,0.4,106991779.0
Russian Federation,2015-01-01,1363482182197.71,-1.97271922580408,17.7653892166562,144640716.0,0.4,107433221.0
Russian Federation,2016-01-01,1276786350881.14,0.193690071260534,18.4659193773134,145015460.0,0.4,107848453.0
Russian Federation,2017-01-01,1574199360089.0,1.82579006401834,18.2168086477823,145293260.0,0.4,108185415.0
Russian Federation,2018-01-01,1657328773461.31,2.80724541059601,17.7103783204011,145398106.0,0.2,108385990.0
Russian Federation,2019-01-01,1693115002708.32,2.19807571335009,18.1013664111203,145453291.0,0.3,108540571.0
Russian Federation,2020-01-01,1493075894362.14,-2.65365450102773,19.9710007886076,145245148.0,0.1,108488280.0
Russian Federation,2021-01-01,1829186719575.1,5.86649177292595,17.2518644108863,144746762.0,0.2,108200642.0
Russian Federation,2022-01-01,2291612121334.64,-1.43588213859842,17.0922277314908,144236933.0,0.1,107967820.0
Russian Federation,2023-01-01,2071505725030.58,4.08252481259281,17.9582539621367,143826130.0,0.1,107841558.0
Russian Federation,2024-01-01,2173835806671.66,4.34437475491529,18.5533740164837,143533851.0,0.2,107811022.0
Serbia,2010-01-01,43536629233.1424,1.61097281449412,21.2839315255668,7291436.0,0.3,4327508.0
Serbia,2011-01-01,51251098408.0924,0.0542724836581954,20.9398727490957,7236519.0,5.4,4301019.0
Serbia,2012-01-01,45103269969.4112,-0.443956070983248,21.4856358559922,7201497.0,7.1,4273861.0
Serbia,2013-01-01,50455529604.0696,0.451578805330726,20.1032369350754,7166553.0,7.8,4272062.0
Serbia,2014-01-01,49114321280.3466,-1.80427041681132,19.8535654361421,7131787.0,8.9,4270367.0
Serbia,2015-01-01,41297410634.9586,1.2957386351958,18.2577533473438,7095383.0,8.4,4267079.0
Serbia,2016-01-01,42225495909.5633,2.97519807160826,17.4876963346774,7058322.0,8.1,4262195.0
Serbia,2017-01-01,45972834713.8077,2.3634031250553,17.5131315634351,7020858.0,6.6,4256129.0
Serbia,2018-01-01,52787520248.9242,4.64935035491007,17.9956413715916,6982604.0,4.2,4248451.0
Serbia,2019-01-01,53864693664.5568,4.75020793899014,18.3652144119898,6945235.0,2.7,4240012.0
Serbia,2020-01-01,55874017668.998,-0.950023991851594,19.3837021106122,6899126.0,2.0,4223866.0
Serbia,2021-01-01,66159884072.5308,7.94905650472278,18.7648402743056,6834326.0,1.7,4193809.0
Serbia,2022-01-01,66809895701.2152,2.70347705543654,18.3527496834241,6664449.0,2.0,4125386.0
Serbia,2023-01-01,81343999280.0179,3.74793303561771,17.1267778521403,6623183.0,5.4,4115875.0
Serbia,2024-01-01,90097765959.1114,3.94992622592932,17.4933744833834,6586476.0,5.4,4108842.0
Slovak Republic,2010-01-01,91112160800.7668,6.79058159142423,19.2064841969329,5391428.0,0.6,2941837.0
Slovak Republic,2011-01-01,99705104723.4341,2.56242473215553,18.3560850522368,5398384.0,0.6,2937625.0
Slovak Republic,2012-01-01,94724394278.052,1.56917104702706,17.8032795774858,5407579.0,0.5,2935042.0
Slovak Republic,2013-01-01,99134277850.3418,0.703323545247201,18.0395982882231,5413393.0,0.4,2930724.0
Slovak Republic,2014-01-01,101713075598.862,2.70795151449488,18.3081999887673,5418649.0,0.9,2926228.0
Slovak Republic,2015-01-01,89178548717.3324,5.17687909722133,18.4916159434894,5423801.0,0.8,2921805.0
Slovak Republic,2016-01-01,90347173228.6356,1.94781841524558,18.7978158666459,5430798.0,1.5,2918507.0
Slovak Republic,2017-01-01,95978130734.9766,2.87473327453695,18.8324415253841,5439232.0,0.6,2916114.0
Slovak Republic,2018-01-01,106611673364.837,4.06211981896483,18.5660492970595,5446771.0,0.5,2913377.0
Slovak Republic,2019-01-01,105843498304.094,2.27589910019393,19.5594607255757,5454147.0,0.2,2910696.0
Slovak Republic,2020-01-01,107732602896.441,-2.58551241733207,20.7560453692276,5458827.0,0.3,2906727.0
Slovak Republic,2021-01-01,120511265913.343,5.6558588065555,20.7965783704832,5447247.0,0.3,2897399.0
Slovak Republic,2022-01-01,115792972358.209,0.544591632137454,20.5171306444411,5431752.0,0.7,2889164.0
Slovak Republic,2023-01-01,133578518423.544,2.11263633214959,19.9979297175368,5426740.0,0.5,2886527.0
Slovak Republic,2024-01-01,140934076532.375,1.93867445549446,19.2557040077919,5422069.0,0.55,2884105.0
Slovenia,2010-01-01,47793117240.9001,1.11213719306735,20.5968980752648,2048583.0,0.0,1026739.0
Slovenia,2011-01-01,51199194599.3094,0.655438128379743,20.7174320914296,2052843.0,0.0,1025321.0
Slovenia,2012-01-01,46167053954.3367,-2.91553782040462,20.5364965325746,2057159.0,0.0,1023682.0
Slovenia,2013-01-01,47867056858.8892,-0.823776417691676,19.8659414498386,2059953.0,0.0,1030938.0
Slovenia,2014-01-01,49514466379.6057,2.76283327639742,19.0721509937972,2061980.0,0.0,1051269.0
Slovenia,2015-01-01,42709468274.8137,2.39330621338168,18.9985678506753,2063531.0,0.0,1107316.0
Slovenia,2016-01-01,44290685824.0682,3.03441486663654,19.2401548940592,2065042.0,0.0,1107839.0
Slovenia,2017-01-01,48153200134.6613,5.17440215579958,18.6197208157994,2066388.0,0.0,1141578.0
Slovenia,2018-01-01,53689067639.9176,4.37908347331195,18.4130304503047,2073894.0,0.0,1144610.0
Slovenia,2019-01-01,53909922735.545,3.50525332381912,18.4696011878283,2088385.0,0.0,1158058.0
Slovenia,2020-01-01,53384760135.1581,-4.08500094942896,20.7447344651164,2102419.0,0.0,1164412.0
Slovenia,2021-01-01,61540813361.8556,8.41686457725321,20.8465487377028,2108079.0,0.0,1165865.0
Slovenia,2022-01-01,59899117741.0022,2.66850555542486,19.53040722729,2112076.0,0.0,1168776.0
Slovenia,2023-01-01,69255264238.3855,2.3758326648385,19.1972075944159,2120461.0,0.0,1177659.0
Slovenia,2024-01-01,72972015197.3859,1.73139722479493,19.2557040077919,2127400.0,0.0,1186191.0
Spain,2010-01-01,1427989078916.67,0.0941223116369514,20.5479299444365,46576897.0,0.7,36569299.0
Spain,2011-01-01,1487568659241.25,-0.639920636520344,20.5764066286762,46742697.0,1.3,36784351.0
Spain,2012-01-01,1330994811670.31,-2.86511368637748,19.8836059940307,46773055.0,1.0,36878481.0
Spain,2013-01-01,1362186923157.65,-1.42732224757626,19.8099355336898,46604197.0,1.3,36810702.0
Spain,2014-01-01,1380244561361.96,1.52048593647231,19.5517778062253,46460733.0,0.9,36759579.0
Spain,2015-01-01,1206164777553.12,4.06086672473866,19.3555953756375,46422303.0,1.1,36787581.0
Spain,2016-01-01,1243015667917.12,2.91515598595787,18.9554100877408,46458139.0,1.3,36869920.0
Spain,2017-01-01,1321754088818.83,2.89604207865007,18.5432948383965,46571232.0,0.8,37008446.0
Spain,2018-01-01,1431642809327.06,2.39541124478878,18.5844642639135,46782011.0,1.0,37218835.0
Spain,2019-01-01,1403496387686.27,1.96117850841711,18.7386237646665,47118501.0,0.9,37522807.0
Spain,2020-01-01,1289783836971.21,-10.9400706350371,21.8157054375876,47359424.0,1.1,37743362.0
Spain,2021-01-01,1461244901852.69,6.68314420473001,21.0051364901244,47443821.0,0.7,37852874.0
Spain,2022-01-01,1448850658406.62,6.37031712129601,19.9317083168891,47786102.0,0.8,38207320.0
Spain,2023-01-01,1619481980719.64,2.46085796805582,19.470863508931,48352528.0,0.8,38744151.0
Spain,2024-01-01,1725671652742.19,3.45525405630191,19.2557040077919,48848840.0,0.95,39233043.0
Sweden,2010-01-01,492750897239.447,5.75076477579255,25.1879057776486,9378126.0,0.6,7983920.0
Sweden,2011-01-01,570538581144.45,3.16388567406926,25.0926024146402,9449213.0,0.7,8065855.0
Sweden,2012-01-01,549739674655.127,-0.414397702454409,25.8787030187985,9519374.0,0.5,8150970.0
Sweden,2013-01-01,584125353119.18,1.13766671801426,26.3184051620825,9600379.0,0.7,8249123.0
Sweden,2014-01-01,577727767303.596,2.29577238758284,26.2755994072154,9696110.0,0.5,8363514.0
Sweden,2015-01-01,501602351911.6,4.38824673608589,25.8977209771077,9799186.0,0.6,8487650.0
Sweden,2016-01-01,513058312950.939,2.13117914731151,26.4988102124362,9923085.0,0.4,8633084.0
Sweden,2017-01-01,535172356784.769,1.88282184966646,26.3066887513623,10057698.0,0.3,8774072.0
Sweden,2018-01-01,549649344043.182,1.7702553546772,26.3346572936666,10175214.0,0.9,8900641.0
Sweden,2019-01-01,530894124494.418,2.60823012869524,25.8980495807728,10278887.0,0.4,9015493.0
Sweden,2020-01-01,544265668451.678,-1.93379704032216,26.5741578401929,10353442.0,0.5,9105066.0
Sweden,2021-01-01,631693331300.776,5.2258643028773,25.9763998405245,10415811.0,0.6,9184054.0
Sweden,2022-01-01,575071237640.921,1.25543620445816,25.5364171916894,10486941.0,1.3,9270860.0
Sweden,2023-01-01,578990915246.07,-0.204061304891439,26.3170240463134,10536632.0,0.8,9338745.0
Sweden,2024-01-01,603715224265.798,0.820071806703865,19.2557040077919,10569709.0,0.6,9391818.0
Switzerland,2010-01-01,598851028906.58,3.24339715656356,11.1836121803075,7824909.0,0.1,5759812.0
Switzerland,2011-01-01,715888126682.396,1.81310830459596,11.2755715577404,7912398.0,0.0,5827528.0
Switzerland,2012-01-01,686420221557.99,1.17925385250513,11.3149273831192,7996861.0,0.0,5897866.0
Switzerland,2013-01-01,706234937370.968,1.79214400716117,11.4125791729509,8089346.0,0.0,5995187.0
Switzerland,2014-01-01,726537808338.0,2.34988141500179,11.4816364729739,8188649.0,0.0,6120218.0
Switzerland,2015-01-01,694118186379.628,1.64462750849488,11.5375670168373,8282396.0,0.0,6261864.0
Switzerland,2016-01-01,687895460902.713,2.06868969039562,11.5149617444437,8373338.0,0.0,6420062.0
Switzerland,2017-01-01,695200833086.499,1.36279965488859,11.5093914980384,8451840.0,0.0,6585051.0
Switzerland,2018-01-01,725568717468.001,2.86044579439036,11.2649207517523,8514329.0,0.0,6751200.0
Switzerland,2019-01-01,721369112726.724,1.14198218965691,11.3549037641088,8575280.0,0.0,6927050.0
Switzerland,2020-01-01,741999406005.627,-2.14173712008038,12.1264545910032,8638167.0,0.1,7112812.0
Switzerland,2021-01-01,815309330986.719,5.55962020605844,11.9159806875632,8704546.0,0.0,7329284.0
Switzerland,2022-01-01,828508926958.393,3.04406102969423,11.2347528038153,8777088.0,0.2,7453558.0
Switzerland,2023-01-01,894424821645.205,0.683328174376044,11.2574218352381,8888822.0,0.0,7571980.0
Switzerland,2024-01-01,936564198048.516,1.30233332541106,19.2557040077919,9005582.0,0.0,7696309.0
Ukraine,2010-01-01,141209170427.233,4.09200436668087,19.6666919510791,46456003.0,0.1,31886191.0
Ukraine,2011-01-01,169333835201.554,5.44528081048476,17.6915870255815,46307853.0,0.1,31824345.0
Ukraine,2012-01-01,182591753827.949,0.152314967200653,18.9399463777572,46210056.0,0.1,31803701.0
Ukraine,2013-01-01,190498811460.028,0.045439094492707,18.8979527234302,46126770.0,0.1,31796395.0
Ukraine,2014-01-01,133503871861.723,-10.0788949840953,18.6657760497569,45972380.0,0.0,31746426.0
Ukraine,2015-01-01,91030967789.0717,-9.7729872128676,18.9241475169772,45784896.0,0.3,31664253.0
Ukraine,2016-01-01,93355869403.9223,2.44098194492067,18.602043207607,45616832.0,0.2,31571512.0
Ukraine,2017-01-01,112090505081.739,2.35997228099491,20.6834635537649,45436041.0,0.1,31470506.0
Ukraine,2018-01-01,130891088293.55,3.48836234022659,20.7717491381349,45208907.0,0.2,31336915.0
Ukraine,2019-01-01,153883047509.577,3.19950386354134,18.7805334308224,44957458.0,0.2,31179240.0
Ukraine,2020-01-01,156617722013.342,-3.75281793983162,19.2950967142315,44680014.0,0.0,31000741.0
Ukraine,2021-01-01,199765859570.935,3.44562065945944,17.7421719075322,44298640.0,0.1,30744454.0
Ukraine,2022-01-01,161989520721.19,-28.7585842155085,39.8363540094756,41048766.0,0.1,28497473.0
Ukraine,2023-01-01,181221517868.744,5.53473354963334,41.8556928744753,37732836.0,0.1,26215056.0
Ukraine,2024-01-01,190741262414.705,2.9138222142611,37.922304675009,37860221.0,0.1,26324804.0
United Kingdom,2010-01-01,2496740681057.14,2.26054460931586,21.4325808449976,62766365.0,0.2,50837721.0
United Kingdom,2011-01-01,2675590034128.66,0.851437739020326,20.8042181029914,63258810.0,0.2,51325648.0
United Kingdom,2012-01-01,2719715961539.83,1.52826034721852,20.6413631115148,63711000.0,0.5,51791033.0
United Kingdom,2013-01-01,2796908333283.39,1.71846961308464,20.0423459760144,64139000.0,0.2,52245947.0
United Kingdom,2014-01-01,3085362169410.29,3.16017351468152,19.7332253904663,64620000.0,0.2,52752909.0
United Kingdom,2015-01-01,2945579890258.46,2.14040560033371,19.4312702799147,65088000.0,0.2,53257851.0
United Kingdom,2016-01-01,2706807606538.73,2.20652020635357,19.0926073260822,65607000.0,0.2,53812829.0
United Kingdom,2017-01-01,2699118387873.1,3.02322219840339,18.5281767976876,65966000.0,0.2,54244275.0
United Kingdom,2018-01-01,2897028009916.05,1.55133095078786,18.3768895986708,66289000.0,0.5,54653004.0
United Kingdom,2019-01-01,2875710080015.3,1.25629899760824,18.934726344575,66631000.0,0.5,55083809.0
United Kingdom,2020-01-01,2724001478304.59,-10.047896637362,22.3849730788057,66744000.0,0.5,55330777.0
United Kingdom,2021-01-01,3194559188925.93,8.5431118453255,21.9023771103032,66984000.0,0.5,55589113.0
United Kingdom,2022-01-01,3181244350465.41,5.14970388522993,20.3875396220537,67604000.0,0.2,56162292.0
United Kingdom,2023-01-01,3420796653789.08,0.271650048355255,20.2413809642158,68492000.0,0.2,56958080.0
United Kingdom,2024-01-01,3686033044482.13,1.1264226705118,19.2557040077919,69226000.0,0.2,57625768.0
